"ABQ","United States of America","New Mexico","Albuquerque"
"ABR","United States of America","South Dakota","Aberdeen"
"ACA","Mexico","","Acapulco"
"ACY","United States of America","New Jersey","Atlantic City"
"ADE","Canada","Quebec","Adele"
"ADQ","United States of America","Alaska","Kodiak"
"ADS","United States of America","Texas","Addison"
"ADZ","Colombia","","San Andres"
"AGH","United States of America","California","Agoura Hills"
"AHN","United States of America","Georgia","Athens"
"AJU","Brazil","","ARACAJU"
"ALB","United States of America","New York","Albany"
"ALG","Chile","","Algarrobo"
"ALS","United States of America","Colorado","Alamosa"
"ALX","United States of America","Virginia","Alexandria"
"AMA","United States of America","Texas","Amarillo"
"AML","United States of America","Florida","Amelia Island"
"ANA","United States of America","California","Anaheim"
"ANC","United States of America","Alaska","Anchorage"
"ANF","Chile","","Antofagasta"
"ANG","United States of America","California","Garden Grove"
"ANN","United States of America","Maryland","Annapolis"
"ANS","Saint Martin (French part)","","Annapolis"
"ANT","United States of America","Arizona","Anthem"
"ANU","Antigua and Barbuda","","Anthem"
"APF","United States of America","Florida","Naples"
"AQA","Brazil","","ARARAQUARA"
"AQP","Peru","","Arequipa"
"ARB","United States of America","Michigan","Ann Arbor"
"ARC","United States of America","California","Arcadia"
"ARE","Costa Rica","","ARENAL"
"ARL","United States of America","Virginia","Arlington"
"ARU","Brazil","","ARACATUBA"
"ARX","Brazil","","ARAXA"
"ASE","United States of America","Colorado","Aspen"
"ASU","Paraguay","","Asuncion"
"ATI","Brazil","","Atibaia"
"ATL","United States of America","Georgia","Atlanta"
"ATS","United States of America","California","Atascadero"
"AUA","Aruba","","Atascadero"
"AUE","United States of America","Maine","Auburn"
"AUG","United States of America","Maine","Augusta"
"AUL","United States of America","Hawaii","Aulani"
"AUS","United States of America","Texas","Austin"
"AVE","United States of America","Florida","Miami"
"AVL","United States of America","North Carolina","Asheville"
"AVN","United States of America","Colorado","Avon"
"AXA","Anguilla","","Avon"
"AZS","Dominican Republic","","Samana"
"BAH","Dominican Republic","","Barahona"
"BAL","United States of America","Florida","Bal Harbour"
"BAQ","Colombia","","Barranquilla"
"BAR","United States of America","California","Barstow"
"BBN","United States of America","Texas","Big Bend National Park"
"BCC","Dominican Republic","","Boca Chica"
"BCN","United States of America","Utah","Bryce Canyon"
"BDA","Bermuda","","Bryce Canyon"
"BDF","United States of America","Maine","Biddeford"
"BEA","United States of America","Utah","Beaver"
"BEL","Brazil","","Belem"
"BEN","United States of America","Oregon","Bend"
"BEV","United States of America","California","Beverly Hills"
"BFL","United States of America","California","Bakersfield"
"BGA","Colombia","","Bucaramanga"
"BGI","Barbados","","Bucaramanga"
"BGR","United States of America","Maine","Bangor"
"BHA","United States of America","Alabama","Birmingham"
"BHB","United States of America","Maine","Bar Harbor"
"BHI","United States of America","Florida","Bay Harbor Islands"
"BHM","Bahamas","","Baha Mar"
"BIG","United States of America","California","Big Bear Lake"
"BIH","United States of America","California","Bishop"
"BIL","United States of America","","Billings"
"BIM","Bahamas","","Bimini"
"BIS","United States of America","North Dakota","Bismarck"
"BIX","United States of America","Mississippi","Biloxi"
"BKF","United States of America","Colorado","Aurora"
"BKG","United States of America","Missouri","Branson"
"BKL","United States of America","New York","Brooklyn"
"BLC","United States of America","Massachusetts","Billerica"
"BLF","United States of America","Utah","Bluff"
"BLH","United States of America","California","Blythe"
"BLM","United States of America","California","Belmont"
"BLN","United States of America","Utah","Blanding"
"BLO","Saint Martin (French part)","","Blanding"
"BLT","United States of America","Maine","Belfast"
"BNA","United States of America","Tennessee","Nashville"
"BNG","United States of America","California","Banning"
"BNR","Bonaire, Sint Eustatius and Saba","","Banning"
"BOC","United States of America","Florida","Boca Raton"
"BOG","Colombia","","Bogota"
"BOI","United States of America","Idaho","Boise"
"BON","United States of America","Florida","Bonita Springs"
"BOO","United States of America","Maine","Boothbay"
"BOS","United States of America","Massachusetts","Boston"
"BPK","United States of America","California","Buena Park"
"BQI","United States of America","Minnesota","Bloomington"
"BRB","Brazil","","Barreirinhas"
"BRC","Argentina","","BARILOCHE"
"BRG","United States of America","Colorado","Brighton"
"BRH","United States of America","Utah","Brian Head"
"BRN","United States of America","California","Brentwood"
"BRO","United States of America","Texas","South Padre Island"
"BRP","Canada","Ontario","Brampton"
"BRU","Brazil","","Barueri"
"BRW","United States of America","New Hampshire","Bretton Woods"
"BSB","Brazil","","Brasilia"
"BTH","United States of America","Maryland","Bethesda"
"BTM","United States of America","Montana","Butte"
"BTR","United States of America","Louisiana","Baton Rouge"
"BTV","United States of America","Vermont","Burlington"
"BUE","Argentina","","Buenos Aires"
"BUF","United States of America","New York","Buffalo"
"BUL","United States of America","Utah","Bullfrog"
"BUP","Canada","Quebec","Beaupre"
"BUR","United States of America","California","Burbank"
"BVU","United States of America","Washington","Bellevue"
"BWI","United States of America","Maryland","Baltimore"
"BXN","United States of America","New York","Bronx"
"BZC","Brazil","","Buzios"
"BZE","Belize","","Buzios"
"BZN","United States of America","Montana","Bozeman"
"BZV","United States of America","Missouri","Branson West"
"CAB","Dominican Republic","","Cabarete"
"CAC","Brazil","","Cascavel"
"CAE","United States of America","South Carolina","Columbia"
"CAH","United States of America","","CARMEL"
"CAM","United States of America","California","Cambria"
"CAP","United States of America","Florida","Captiva Island"
"CAR","Venezuela (Bolivarian Republic of)","","CARACAS"
"CAW","Brazil","","Campos"
"CBB","Bolivia (Plurinational State of)","","Campos"
"CBJ","Canada","British Columbia","Jesmond"
"CCD","United States of America","Utah","Cedar City"
"CCG","United States of America","Florida","Coconut Grove"
"CCP","Chile","","Concepcion"
"CCS","Venezuela (Bolivarian Republic of)","","CARACAS AIRPORT MAIQUETIA"
"CDA","United States of America","Idaho","Coeur D Alene"
"CDC","United States of America","Arizona","Canyon De Chelly"
"CDJ","Brazil","","Campos do Jordao"
"CEZ","United States of America","Colorado","Cortez"
"CGB","United States of America","Florida","Coral Gables"
"CHA","United States of America","Tennessee","Chattanooga"
"CHD","United States of America","Arizona","Chandler"
"CHI","United States of America","Illinois","Chicago"
"CHM","United States of America","Massachusetts","Chatham"
"CHS","United States of America","South Carolina","Charleston"
"CHV","United States of America","","Charleston"
"CID","United States of America","Iowa","Cedar Rapids"
"CIW","Saint Vincent and the Grenadines","","Cedar Rapids"
"CLD","United States of America","California","Carlsbad"
"CLE","United States of America","Ohio","Cleveland"
"CLL","United States of America","Georgia","College Park"
"CLM","United States of America","Washington","Port Angeles"
"CLO","Colombia","","Cali"
"CLP","United States of America","Maryland","College Park"
"CLR","United States of America","Florida","Clearwater"
"CLS","United States of America","California","Santa Clara"
"CLT","United States of America","North Carolina","Charlotte"
"CMD","United States of America","California","Corte Madera"
"CMH","United States of America","Ohio","Columbus"
"CMP","Argentina","","Campana"
"CNF","Brazil","","Belo Horizonte"
"CNJ","Canada","Ontario","Fort Erie"
"CNO","United States of America","California","Chino Hills"
"CNQ","Argentina","","Corrientes"
"CNT","United States of America","Maryland","Clinton"
"COC","United States of America","Florida","Cocoa Beach"
"COD","United States of America","Wyoming","Cody"
"CON","Brazil","","CONCEICAO DA BARRA"
"COR","Argentina","","Cordoba"
"COS","United States of America","Colorado","Colorado Springs"
"CPR","United States of America","Wyoming","Casper"
"CRF","United States of America","Arizona","Carefree"
"CRN","United States of America","New York","Corning"
"CRP","United States of America","Texas","Corpus Christi"
"CRS","United States of America","California","Crescent City"
"CSN","United States of America","Nevada","Carson City"
"CST","United States of America","New Hampshire","New Castle"
"CTC","Argentina","","Catamarca"
"CTF","United States of America","Missouri","Chesterfield"
"CTG","Colombia","","Cartagena de Indias"
"CUE","Ecuador","","Cartagena de Indias"
"CUI","Brazil","","Cuiaba"
"CUN","Mexico","","Cancun"
"CUR","Curaçao","","Cancun"
"CUZ","Peru","","Cusco"
"CVG","United States of America","Ohio","Cincinnati"
"CWB","Brazil","","Curitiba"
"CYP","United States of America","Arizona","Canyon Point"
"CYS","United States of America","Wyoming","Cheyenne"
"CZA","Mexico","","Chichen Itza"
"CZM","Mexico","","Cozumel"
"DAB","United States of America","","Cozumel"
"DAN","United States of America","Massachusetts","Danvers"
"DAV","United States of America","California","Davis"
"DAW","Sint Maarten (Dutch part)","","Davis"
"DBQ","United States of America","Iowa","Dubuque"
"DCA","United States of America","","Washington"
"DCI","United States of America","California","Daly City"
"DEA","United States of America","Michigan","Dearborn"
"DED","United States of America","South Dakota","Deadwood"
"DEN","United States of America","Colorado","Denver"
"DEW","United States of America","Delaware","Dewey Beach"
"DFB","United States of America","Florida","Deerfield Beach"
"DFW","United States of America","Texas","Dallas"
"DIX","United States of America","California","Dixon"
"DLH","United States of America","Minnesota","Duluth"
"DLS","United States of America","Oregon","The Dalles"
"DLT","United States of America","Colorado","Delta"
"DMT","United States of America","Massachusetts","North Dartmouth"
"DNB","United States of America","California","Dinuba"
"DOM","Dominica","","Dinuba"
"DOR","Puerto Rico","","Dorado"
"DPT","United States of America","California","Dana Point"
"DRB","United States of America","Florida","Delray Beach"
"DRO","United States of America","Colorado","Durango"
"DRT","Canada","Nova Scotia","Dartmouth"
"DSM","United States of America","Iowa","Des Moines"
"DTH","United States of America","California","Death Valley"
"DTW","United States of America","Michigan","Detroit"
"DUK","United States of America","Florida","Duck Key"
"DVN","United States of America","Florida","Davenport"
"EAG","United States of America","Minnesota","Eagan"
"EBR","United States of America","New Jersey","East Brunswick"
"EDG","United States of America","Massachusetts","Edgartown"
"EGE","United States of America","Colorado","Vail"
"EIS","Virgin Islands (British)","","Tortola"
"EKO","United States of America","Nevada","Elko"
"ELK","United States of America","Illinois","Elk Grove Village"
"ELL","United States of America","Maine","Ellsworth"
"ELM","United States of America","New York","Elmira"
"ELP","United States of America","Texas","El Paso"
"ELS","United States of America","California","EL Segundo"
"EMV","United States of America","Colorado","Emerald Valley"
"ESS","United States of America","Pennsylvania","Essington"
"EST","United States of America","Colorado","Estes Park"
"ETR","Costa Rica","","Esterillos"
"EUE","United States of America","California","Eureka"
"EUG","United States of America","Oregon","Eugene"
"EWR","United States of America","","Eugene"
"EXM","Bahamas","","Exuma"
"EYL","United States of America","Florida","Key Largo"
"EYP","Colombia","","Yopal"
"EYT","United States of America","Florida","Little Torch Key"
"EYW","United States of America","Florida","Key West"
"EZE","Argentina","","Buenos Aires Aeropuerto"
"FAF","United States of America","California","Fairfield"
"FAI","United States of America","Alaska","Fairbanks"
"FAJ","Puerto Rico","","Fajardo"
"FAL","United States of America","Massachusetts","Falmouth"
"FAR","United States of America","North Dakota","Fargo"
"FAT","United States of America","California","Fresno"
"FAX","United States of America","Virginia","Fairfax"
"FBO","United States of America","Wyoming","Evansville"
"FCA","United States of America","Montana","Kalispell"
"FLC","United States of America","Florida","Florida City"
"FLG","United States of America","Arizona","Flagstaff"
"FLL","United States of America","Florida","Ft. Lauderdale"
"FLM","United States of America","Utah","Fillmore"
"FLN","Brazil","","Florianopolis"
"FOB","United States of America","California","Fort Bragg"
"FOR","Brazil","","Fortaleza"
"FPO","Bahamas","","Freeport"
"FRC","Brazil","","Franca"
"FRE","United States of America","Maine","Freeport"
"FRM","United States of America","California","Fremont"
"FRS","Guatemala","","FLORES"
"FRT","United States of America","New Jersey","Fort Lee"
"FSD","United States of America","South Dakota","Sioux Falls"
"FTE","Argentina","","El Calafate"
"FTN","United States of America","California","Fontana"
"FTS","Canada","Alberta","Fort Saskatchewan"
"GAN","United States of America","","Fort Saskatchewan"
"GAP","Brazil","","Guarapari"
"GBR","United States of America","Arizona","Gilbert"
"GCC","United States of America","Wyoming","Gillette"
"GCM","Cayman Islands","","Gillette"
"GCN","United States of America","Arizona","Grand Canyon North Rim"
"GCS","United States of America","Arizona","Grand Canyon South Rim"
"GCW","United States of America","Arizona","Grand Canyon West"
"GDL","Mexico","","Guadalajara"
"GDN","United States of America","New York","Garden City"
"GDT","Turks and Caicos Islands","","Garden City"
"GIG","Brazil","","Rio De Janeiro"
"GIL","United States of America","New Hampshire","Gilford"
"GJT","United States of America","Colorado","Grand Junction"
"GLN","United States of America","Arizona","Glendale"
"GND","Grenada","","Glendale"
"GOY","Brazil","","CAMPOS DO GOYTACAZES"
"GPS","Ecuador","","Baltra Island"
"GPV","United States of America","Texas","Grapevine"
"GRB","United States of America","Wisconsin","Green Bay"
"GRC","Saint Martin (French part)","","Green Bay"
"GRH","United States of America","Texas","Graham"
"GRK","United States of America","Texas","Killeen"
"GRN","United States of America","Georgia","Greensboro"
"GRR","United States of America","Michigan","Grand Rapids"
"GRU","Brazil","","Sao Paulo"
"GRW","United States of America","Connecticut","Greenwich"
"GTF","United States of America","Montana","Great Falls"
"GTY","United States of America","Pennsylvania","Gettysburg"
"GUA","Guatemala","","Guatemala City"
"GUP","United States of America","New Mexico","Gallup"
"GV9","United States of America","South Carolina","Greenville"
"GYE","Ecuador","","GUAYAQUIL"
"GYN","Brazil","","Goiania"
"HAR","United States of America","Pennsylvania","Harrisburg"
"HBI","Bahamas","","Harbour Island"
"HEL","United States of America","Montana","Helena"
"HEN","United States of America","Nevada","Henderson"
"HER","United States of America","California","Hermosa Beach"
"HGT","United States of America","Michigan","Houghton"
"HHH","United States of America","South Carolina","Hilton Head Island"
"HIE","United States of America","New Hampshire","Whitefiled"
"HIH","United States of America","California","Highland"
"HII","United States of America","Arizona","Lake Havasu"
"HLB","Mexico","","Holbox Island"
"HLD","United States of America","","Holbox Island"
"HLI","United States of America","Missouri","Hollister"
"HLY","United States of America","Florida","Hollywood"
"HMB","United States of America","California","Half Moon Bay"
"HNL","United States of America","Hawaii","Honolulu"
"HOB","United States of America","New Jersey","Hoboken"
"HOH","United States of America","Florida","in"
"HOL","United States of America","Arizona","Holbrook"
"HOU","United States of America","Texas","Houston"
"HSY","United States of America","Pennsylvania","Hershey"
"HTS","Canada","Ontario","Huntsville"
"HUB","United States of America","California","Huntington Beach"
"HUF","United States of America","Indiana","Terre Haute"
"HWD","United States of America","California","Hollywood"
"HYA","United States of America","Massachusetts","Hyannis"
"HYD","United States of America","New York","Hyde Park"
"IAD","United States of America","Virginia","Herndon"
"IAG","United States of America","New York","Niagara Falls"
"IAH","United States of America","Texas","Humble"
"IBE","Colombia","","Ibague"
"IDA","United States of America","Idaho","Idaho Falls"
"IDW","United States of America","California","Indian Wells"
"IER","United States of America","Louisiana","Natchitoches"
"IFP","United States of America","","Bullhead"
"IGH","United States of America","Minnesota","Inver Grove Heights"
"IGR","Argentina","","Iguazu"
"IGU","Brazil","","Foz Do Iguacu"
"ILH","Brazil","","Ilhabela"
"IND","United States of America","Indiana","Indianapolis"
"INT","United States of America","South Dakota","Interior"
"IQQ","Chile","","Iquique"
"IRI","United States of America","California","Irvine"
"ISJ","Mexico","","Isla Mujeres"
"ISL","United States of America","Florida","Islamorada"
"ITA","Brazil","","Itaipava"
"ITU","Brazil","","Itupeva"
"JAC","United States of America","Wyoming","Jackson Hole"
"JCK","United States of America","Florida","Jacksonville"
"JCO","Costa Rica","","Jaco Beach"
"JCY","United States of America","New Jersey","Jersey City"
"JEF","United States of America","Indiana","Jeffersonville"
"JEK","United States of America","Georgia","Jekyll Island"
"JEN","United States of America","California","Jenner"
"JFK","United States of America","","Jenner"
"JHI","United States of America","South Carolina","Johns Island"
"JKS","United States of America","New Hampshire","Jackson"
"JNP","United States of America","California","Newport Beach"
"JOI","Brazil","","Joinville"
"JPA","Brazil","","Joao Pessoa"
"JSB","United States of America","Florida","Jensen Beach"
"JTC","Brazil","","Bauru"
"JUL","Peru","","Puno"
"JUN","Brazil","","Jundiai"
"JUP","United States of America","Florida","Jupiter"
"KAN","United States of America","Utah","Kanab"
"KAY","United States of America","Arizona","Kayenta"
"KBS","United States of America","Florida","Key Biscayne"
"KEN","United States of America","Maine","Kennebunkport"
"KGK","United States of America","Tennessee","Pigeon Forge"
"KIL","United States of America","Vermont","Killington"
"KIS","United States of America","Florida","Orlando (Kissimmee)"
"KNG","United States of America","Arizona","Kingman"
"KOA","United States of America","Hawaii","Big Island"
"KOP","United States of America","Pennsylvania","King of Prussia"
"KTN","United States of America","Alaska","Ketchikan"
"KVU","United States of America","Washington","Vancouver"
"LAC","Canada","Quebec","Lac Delage"
"LAG","United States of America","California","Laguna Beach"
"LAJ","United States of America","California","La Jolla"
"LAS","United States of America","Nevada","Las Vegas"
"LAV","United States of America","Nevada","Downtown Las Vegas"
"LAX","United States of America","California","Los Angeles"
"LCE","Honduras","","La Ceiba"
"LCR","United States of America","New Mexico","Las Cruces"
"LCT","United States of America","Pennsylvania","Lancaster"
"LDB","Brazil","","Londrina"
"LEB","United States of America","New Hampshire","West Lebanon"
"LEW","United States of America","New York","Lewiston"
"LFR","Costa Rica","","La Fortuna"
"LGA","United States of America","","La Fortuna"
"LGB","United States of America","California","Long Beach"
"LIC","United States of America","New York","Long Island City"
"LIH","United States of America","Hawaii","Kauai"
"LIM","Peru","","LIMA"
"LIN","Brazil","","Linhares"
"LIR","Costa Rica","","Guanacaste"
"LIV","United States of America","Montana","Livingston"
"LKB","United States of America","","Lahaska"
"LKE","United States of America","Florida","Long Key"
"LKG","United States of America","New York","Lake George"
"LKP","United States of America","Arizona","Lake Powell"
"LLV","United States of America","Wyoming","Lovell"
"LMA","Canada","Quebec","La Malbaie"
"LMT","United States of America","Oregon","Klamath Falls"
"LNK","United States of America","New Hampshire","Lincoln"
"LNX","United States of America","Massachusetts","Lenox"
"LNY","United States of America","Hawaii","Lanai City"
"LOB","United States of America","New York","Long Beach"
"LOM","United States of America","California","Lompoc"
"LON","United States of America","California","LONE PINE"
"LPB","Bolivia (Plurinational State of)","","LONE PINE"
"LPS","United States of America","Texas","Lost Pines"
"LRM","Dominican Republic","","La Romana"
"LUQ","Argentina","","San Luis"
"LUR","United States of America","Virginia","Luray"
"LVK","United States of America","Utah","La Verkin"
"LWG","United States of America","Oregon","Lake Oswego"
"MAA","Costa Rica","","Manuel Antonio"
"MAC","United States of America","Georgia","Macon"
"MAD","United States of America","Florida","Madeira Beach"
"MAE","United States of America","California","Madera"
"MAH","Sint Maarten (Dutch part)","","Madera"
"MAN","United States of America","Vermont","Manchester"
"MAO","Brazil","","MANAUS"
"MAR","Venezuela (Bolivarian Republic of)","","MARACAIBO"
"MAS","Nicaragua","","Masatepe"
"MAU","United States of America","Hawaii","Maui"
"MBH","United States of America","California","Manhattan Beach"
"MBJ","Jamaica","","Montego Bay"
"MCE","United States of America","California","Merced"
"MCH","United States of America","New Hampshire","Manchester"
"MCI","United States of America","Missouri","Kansas City"
"MCK","United States of America","Michigan","Mackinaw City"
"MCO","United States of America","Florida","Orlando"
"MCV","United States of America","Kentucky","Mammoth Cave"
"MCZ","Brazil","","Maceio"
"MDQ","Argentina","","Mar de Plata"
"MDR","United States of America","","Mar de Plata"
"MDV","United States of America","","Mar de Plata"
"MEA","Brazil","","Macae"
"MED","Colombia","","Medellin"
"MEM","United States of America","Tennessee","Memphis"
"MEN","Argentina","","MENDOZA"
"MEQ","United States of America","Nevada","Mesquite"
"MES","United States of America","Colorado","Mesa Verde"
"MEX","Mexico","","Mexico City"
"MEZ","United States of America","Arizona","MESA"
"MFE","United States of America","Texas","Mcallen"
"MIA","United States of America","Florida","Miami"
"MID","Mexico","","Merida"
"MKE","United States of America","Wisconsin","Milwaukee"
"MKK","United States of America","Hawaii","Molokai"
"MKY","United States of America","Florida","Marco Island"
"MLA","Brazil","","Marilia"
"MLB","United States of America","Florida","Melbourne"
"MMH","United States of America","California","Mammoth Lakes"
"MNK","United States of America","Minnesota","Minnetonka"
"MNT","Canada","Ontario","Minett"
"MOB","United States of America","Utah","Moab"
"MOD","United States of America","California","Modesto"
"MON","United States of America","Utah","Monticello"
"MOR","United States of America","Wyoming","Moran"
"MOV","United States of America","Utah","Monument Valley"
"MRB","United States of America","Massachusetts","Marlborough"
"MRF","United States of America","Oregon","Grant Pass"
"MRL","United States of America","Arizona","Mormon Lake"
"MRO","United States of America","California","Morro Bay"
"MRY","United States of America","California","Monterey"
"MSN","United States of America","Wisconsin","Madison"
"MSO","United States of America","Montana","Missoula"
"MSP","United States of America","Minnesota","Minneapolis"
"MSY","United States of America","Louisiana","New Orleans"
"MTE","United States of America","California","Montebello"
"MTH","United States of America","Florida","Marathon"
"MTY","Mexico","","Monterrey"
"MUE","United States of America","Hawaii","Waimea"
"MVD","Uruguay","","Montevideo"
"MVW","United States of America","California","Mountain View"
"MWH","United States of America","Washington","Moses Lake"
"MYR","United States of America","South Carolina","Myrtle Beach"
"MYS","United States of America","Connecticut","Mystic"
"MZL","Colombia","","Manizales"
"MZT","Mexico","","Mazatlan"
"NAH","United States of America","Mississippi","Natchez"
"NAP","United States of America","California","Napa"
"NAS","Bahamas","","Nassau"
"NAT","Brazil","","Natal"
"NCW","United States of America","New Hampshire","North Conway"
"NDL","United States of America","California","Needles"
"NDP","United States of America","Idaho","Sandpoint"
"NEG","Jamaica","","Negril"
"NEV","Saint Kitts and Nevis","","Charlestown"
"NHD","United States of America","California","North Hollywood"
"NHN","United States of America","Connecticut","New Haven"
"NHZ","United States of America","Maine","Brunswick"
"NIE","Curaçao","","Brunswick"
"NIT","Brazil","","Niteroi"
"NOR","United States of America","Connecticut","Norwich"
"NOT","United States of America","California","Novato"
"NPT","United States of America","Rhode Island","Newport"
"NRC","United States of America","California","Norco"
"NRF","United States of America","Virginia","Norfolk"
"NRW","United States of America","California","Norwalk"
"NRY","United States of America","Colorado","New Raymer"
"NSH","United States of America","New Hampshire","Nashua"
"NTH","United States of America","Maryland","National Harbor"
"NTK","United States of America","Massachusetts","Natick"
"NWB","United States of America","Oregon","Newberg"
"NYC","United States of America","New York",".New York"
"OAK","United States of America","California","Oakland"
"OAP","United States of America","Pennsylvania","Oaks"
"OCJ","Jamaica","","Ochos Rios"
"OCS","United States of America","Washington","Ocean Shores"
"OGT","United States of America","Maine","Ogunquit"
"OJA","United States of America","California","Ojai"
"OKC","United States of America","Oklahoma","Oklahoma City"
"OKD","United States of America","Minnesota","Oakdale"
"OKH","United States of America","California","Oakhurst"
"OLV","United States of America","Mississippi","Olive Branch"
"OMA","United States of America","Nebraska","Omaha"
"ONP","United States of America","Oregon","Newport"
"ONT","United States of America","California","Colton"
"ORF","United States of America","Virginia","Virginia Beach"
"ORO","United States of America","Maine","Orono"
"OSA","Brazil","","Osasco"
"OTH","United States of America","Oregon","Coos Bay"
"OXR","United States of America","California","Ventura"
"PAC","Panama","","GAMBOA"
"PAI","Colombia","","Boyaca"
"PAP","Haiti","","Ville"
"PAR","United States of America","Colorado","Parker"
"PAS","United States of America","California","Paso Robles"
"PAU","United States of America","Colorado","Parachute"
"PBI","United States of America","Florida","Palm Beach"
"PBY","United States of America","Massachusetts","Peabody"
"PCM","Mexico","","Playa del Carmen"
"PCT","United States of America","Utah","Park City"
"PDP","Uruguay","","Punta del Este"
"PDS","United States of America","California","Palm Desert"
"PDX","United States of America","Oregon","Portland"
"PET","Saint Vincent and the Grenadines","","Petit Island"
"PEZ","United States of America","Texas","Pleasanton"
"PGE","United States of America","Arizona","Page"
"PGU","United States of America","Utah","Panguitch"
"PHF","United States of America","Virginia","Williamsburg"
"PHL","United States of America","Pennsylvania","Philadelphia"
"PHX","United States of America","Arizona","Phoenix"
"PIH","United States of America","Idaho","Pocatello"
"PIL","Argentina","","Pilar"
"PIT","United States of America","Pennsylvania","Pittsburgh"
"PLD","United States of America","Colorado","Palisade"
"PLM","United States of America","Vermont","Plymouth"
"PLN","United States of America","Texas","Plano"
"PLS","Turks and Caicos Islands","","Plano"
"PLT","United States of America","New Hampshire","Plymounth"
"PLY","United States of America","Massachusetts","Plymouth"
"PMA","Argentina","","Puerto Madryn"
"PMC","United States of America","Florida","Palm Coast"
"PMD","United States of America","California","Palmdale"
"PMH","United States of America","New Hampshire","Portsmouth"
"PMP","Costa Rica","","Playa Mal Pais"
"PMT","United States of America","Minnesota","Plymouth"
"PNA","Chile","","PUERTO NATALES"
"PNS","United States of America","Florida","Pensacola"
"PNZ","Brazil","","Petrolina"
"POA","Brazil","","Porto Alegre"
"POP","Dominican Republic","","Puerto Plata"
"POS","Haiti","","Puerto Plata"
"POT","Costa Rica","","Puerto Plata"
"POU","United States of America","New York","Poughkeepsie"
"PRA","Peru","","Paracas"
"PRC","United States of America","Arizona","Prescott"
"PRI","United States of America","Nevada","Primm"
"PRO","Colombia","","PROVIDENCIA"
"PRS","United States of America","New Jersey","Parsippany"
"PRT","United States of America","California","Porterville"
"PSL","United States of America","","Porterville"
"PSP","United States of America","California","Palm Springs"
"PSQ","United States of America","California","La Quinta"
"PTF","United States of America","Massachusetts","Pittsfield"
"PTT","United States of America","California","Pittsburg"
"PTY","Panama","","Panama City"
"PUB","Mexico","","Puebla"
"PUJ","Dominican Republic","","Punta Cana"
"PUQ","Chile","","PUNTA ARENAS"
"PUX","Chile","","PUERTO VARAS"
"PVC","United States of America","Massachusetts","Provincetown"
"PVD","United States of America","Rhode Island","Providence"
"PVR","Mexico","","Puerto Vallarta"
"PVU","United States of America","Utah","Provo"
"PWM","United States of America","Maine","Portland"
"PWS","United States of America","California","Pleasanton"
"PZL","Costa Rica","","Pleasanton"
"QBI","United States of America","Utah","Green River"
"QCY","United States of America","Massachusetts","Quincy"
"QUI","Saint Martin (French part)","","Lake Quinault"
"RAO","Brazil","","Ribeirao Preto"
"RAP","United States of America","South Dakota","Rapid City"
"RCD","United States of America","California","Rancho Cordova"
"RCK","United States of America","Massachusetts","Rockport"
"RCM","United States of America","California","Ranch Mirage"
"RCU","United States of America","California","Rancho Cucamonga"
"RDD","United States of America","California","Anderson"
"RDG","United States of America","California","Ridgecrest"
"RDU","United States of America","North Carolina","Raleigh"
"REC","Brazil","","Recife"
"RED","United States of America","California","Redondo Beach"
"REV","United States of America","Massachusetts","Revere"
"RFD","United States of America","Utah","Richfield"
"RGD","Puerto Rico","","Rio Grande"
"RIC","United States of America","Virginia","Richmond"
"RIK","Costa Rica","","Playa Carrillo"
"RIV","United States of America","Wyoming","Riverton"
"RKS","United States of America","Wyoming","Rock Springs"
"RLD","United States of America","Washington","Richland"
"RNG","United States of America","","Richland"
"RNO","United States of America","Nevada","Reno"
"ROC","United States of America","New York","Rochester"
"ROD","United States of America","Montana","Red Lodge"
"ROG","United States of America","Minnesota","Rogers"
"ROH","United States of America","California","Rohnert Park"
"ROO","Brazil","","Rondonopolis"
"ROS","Argentina","","Rosario"
"RPV","United States of America","California","Rancho Palos Verdes"
"RQS","Canada","Ontario","Barrie"
"RSW","United States of America","Florida","Fort Myers Beach"
"RTB","Honduras","","Roatan"
"RUT","United States of America","California","Rutherford"
"RVH","United States of America","New York","Riverhead"
"RVR","United States of America","Florida","River Ranch"
"SAC","United States of America","California","Sacramento"
"SAL","El Salvador","","San Luis Talpa"
"SAN","United States of America","California","San Diego"
"SAP","United States of America","New Mexico","Santa Ana Pueblo"
"SAR","United States of America","Wyoming","Saratoga"
"SAS","United States of America","California","San Simeon"
"SAT","United States of America","Texas","San Antonio"
"SAV","United States of America","Georgia","Savannah"
"SBA","United States of America","California","Santa Barbara"
"SBC","United States of America","California","Seal Beach"
"SBH","Saint Barthélemy","","Seal Beach"
"SBL","United States of America","Florida","Sanibel Island"
"SBO","United States of America","California","San Bernadino"
"SBP","United States of America","California","San Luis Obispo"
"SCL","Chile","","SANTIAGO"
"SCO","United States of America","Arizona","Scottsdale"
"SCZ","United States of America","California","Santa Cruz"
"SDA","Brazil","","Angra Dos Reis"
"SDF","United States of America","Kentucky","Louisville"
"SDQ","Dominican Republic","","Santo Domingo"
"SDW","United States of America","Massachusetts","Sandwich"
"SEC","United States of America","New Jersey","Secaucas"
"SED","United States of America","Arizona","Sedona"
"SEQ","United States of America","Washington","Sequim"
"SER","Brazil","","Sertaozinho"
"SES","United States of America","California","Seaside"
"SET","Canada","Quebec","Stoneham et Tewke"
"SFE","United States of America","New Mexico","Santa Fe"
"SFO","United States of America","California","San Francisco"
"SGF","United States of America","Missouri","Springfield"
"SGU","United States of America","Utah","St. George"
"SGY","United States of America","Alaska","Skagway"
"SHN","United States of America","Virginia","Shenandoah National Park"
"SHP","United States of America","New York","Southhampton"
"SHR","United States of America","Wyoming","Sheridan"
"SJC","United States of America","California","San Jose"
"SJD","Mexico","","Los Cabos"
"SJK","Brazil","","SAO JOSE DOS CAMPOS"
"SJO","Costa Rica","","San Jose"
"SJP","Brazil","","SAO JOSE DO RIO PRETO"
"SJR","Canada","Quebec","jean"
"SJU","Puerto Rico","","San Juan"
"SKB","Virgin Islands (British)","","St. Kitts"
"SLA","Argentina","","SALTA"
"SLC","United States of America","Utah","Salt Lake City"
"SLE","United States of America","Oregon","Salem"
"SLM","United States of America","Massachusetts","Salem"
"SLU","Saint Lucia","","Salem"
"SLZ","Brazil","","Sao Luis"
"SMA","Costa Rica","","Samara"
"SMC","Argentina","","San Miguel de Tucuman"
"SMR","United States of America","Georgia","Smyrna"
"SMT","Colombia","","Santa Marta"
"SMX","United States of America","California","Santa Maria"
"SNA","United States of America","California","Santa Ana"
"SNN","United States of America","California","Sunnyvale"
"SNS","United States of America","California","Salinas"
"SNU","United States of America","California","Santa Clara"
"SNW","United States of America","Colorado","Snowmass Village"
"SOK","Canada","British Columbia","Sooke"
"SOL","United States of America","California","Solvang"
"SOM","United States of America","Massachusetts","Somerville"
"SOU","United States of America","Connecticut","Southport"
"SPD","United States of America","Illinois","Springfield"
"SPF","United States of America","Virginia","Springfield"
"SPG","United States of America","Massachusetts","West Springfield"
"SPK","Canada","Ontario","Sun Peaks"
"SPO","United States of America","Washington","Spokane"
"SPR","United States of America","Utah","Springdale"
"SPS","United States of America","Texas","Wichita Falls"
"SRE","Bolivia (Plurinational State of)","","Wichita Falls"
"SRQ","United States of America","Florida","Sarasota"
"SRZ","Bolivia (Plurinational State of)","","Sarasota"
"SSA","Brazil","","Salvador de Bahia"
"SSD","United States of America","Oregon","Seaside"
"SSX","Saint Martin (French part)","","Seaside"
"STA","United States of America","Florida","St. Augustine"
"STB","United States of America","Massachusetts","Sturbridge"
"STH","United States of America","California","Saint Helena"
"STI","United States of America","New York","Staten Island"
"STJ","Virgin Islands (U.S.)","","St. John"
"STL","United States of America","Missouri","St. Louis"
"STM","United States of America","California","Santa Monica"
"STN","United States of America","New York","Stonybrook"
"STO","United States of America","Vermont","Stowe"
"STP","United States of America","Florida","St. Petersburg"
"STS","United States of America","","Sonoma County Santa Rosa"
"STT","Virgin Islands (U.S.)","","St. Thomas"
"STX","Virgin Islands (U.S.)","","St Croix"
"SUC","Uruguay","","Carmelo"
"SUG","United States of America","New Hampshire","Sugar Hill"
"SUN","United States of America","Florida","Sunny Isles"
"SUR","Canada","British Columbia","Surrey"
"SVC","United States of America","New Mexico","Silver City"
"SVD","Saint Vincent and the Grenadines","","Silver City"
"SWD","United States of America","Texas","Spicewood"
"SXM","Sint Maarten (Dutch part)","","Spicewood"
"SYA","United States of America","Massachusetts","South Yarmouth"
"TAB","Trinidad and Tobago","","South Yarmouth"
"TAG","Brazil","","Taguatinga"
"TAM","Costa Rica","","TAMARINDO"
"TBS","United States of America","Arizona","Tombstone"
"TDP","Chile","","Torres del Paine"
"TEA","Honduras","","Tela"
"TIG","United States of America","Oregon","Tigard"
"TIL","United States of America","Oregon","Tillamook"
"TIW","United States of America","Washington","Tacoma"
"TLP","United States of America","Washington","Tulalip"
"TLR","United States of America","California","Tulare"
"TMU","Costa Rica","","Tambor"
"TNP","United States of America","","Tambor"
"TOA","United States of America","California","Torrance"
"TOR","United States of America","Utah","Torrey"
"TPA","United States of America","Florida","Tampa"
"TRE","Canada","Quebec","Tremblant"
"TRH","Argentina","","Termas de Rio Hondo"
"TRI","United States of America","Florida","Treasure Island"
"TRL","United States of America","California","Turlock"
"TRU","Peru","","Trujillo"
"TSM","United States of America","New Mexico","Taos"
"TUL","United States of America","Oklahoma","Tulsa"
"TUS","United States of America","Arizona","Tucson"
"TVL","United States of America","California","Lake Tahoe"
"TWF","United States of America","Idaho","Twin Falls"
"TYS","United States of America","Virginia","Tysons Corner"
"UDI","Brazil","","Uberlandia"
"UGX","United States of America","Massachusetts","Saugus"
"UIO","Ecuador","","Quito"
"UNC","United States of America","Connecticut","Uncasville"
"UTI","United States of America","New York","Utica"
"UVI","Costa Rica","","Uvita"
"UXM","Mexico","","Uxmal"
"VAG","Brazil","","Varginha"
"VAJ","United States of America","California","Vallejo"
"VAP","Chile","","Valparaiso"
"VCP","Brazil","","Campinas"
"VEL","United States of America","Utah","Vernal"
"VIJ","Virgin Islands (British)","","Virgin Gorda"
"VIL","Brazil","","Vila Velha"
"VIS","United States of America","California","VISALIA"
"VIX","Brazil","","Vitoria"
"VQS","Puerto Rico","","Vieques"
"VRB","United States of America","Florida","Vero Beach"
"VRG","United States of America","Vermont","Vergennes"
"WAD","United States of America","New York","Wading River"
"WAR","United States of America","Rhode Island","West Warwick"
"WAT","United States of America","Oregon","Warrenton"
"WBU","United States of America","Colorado","Boulder"
"WDS","United States of America","California","Windsor"
"WDW","United States of America","Florida","Walt Disney World"
"WEE","United States of America","New Jersey","Weehawken"
"WES","United States of America","Florida","Weston"
"WHD","United States of America","California","West Hollywood"
"WHT","United States of America","California","Whittier"
"WIC","United States of America","Arizona","Wickenburg"
"WIL","United States of America","Arizona","Williams"
"WKL","United States of America","Hawaii","Waikoloa"
"WLD","United States of America","Missouri","Wildwood"
"WLT","United States of America","California","Willits"
"WMC","United States of America","Nevada","Winnemucca"
"WNC","United States of America","California","Walnut Creek"
"WOB","United States of America","Massachusetts","Woburn"
"WPT","United States of America","New York","West Point"
"WRN","United States of America","Vermont","Warren"
"WVL","United States of America","Maine","Waterville"
"WXI","United States of America","Montana","Whitefish"
"WYA","United States of America","Massachusetts","West Yarmouth"
"WYS","United States of America","Montana","West Yellowstone"
"XFL","Canada","Quebec","Shawinigan"
"XMG","United States of America","Minnesota","Maple Grove"
"YAM","Canada","Ontario","Sault Saint Marie"
"YAN","Peru","","Yanque"
"YBA","Canada","Alberta","Banff"
"YBD","Canada","British Columbia","New Westminster"
"YBL","Canada","British Columbia","Campbell River"
"YCC","Canada","Ontario","Cornwall"
"YCD","Canada","British Columbia","Nanaimo"
"YCL","Canada","","Liverpool"
"YCM","Canada","Ontario","St. Catharines"
"YCN","Canada","Ontario","Niagara OntheLake"
"YEG","Canada","Alberta","Edmonton"
"YEL","United States of America","Wyoming","Yellowstone"
"YGK","Canada","Ontario","Kingston"
"YHU","Canada","Quebec","Longueuil"
"YHZ","Canada","Nova Scotia","Halifax"
"YIA","Canada","Ontario","Niagara Falls"
"YJA","Canada","Alberta","Jasper"
"YKA","Canada","British Columbia","Kamloops"
"YLL","Canada","Alberta","Lake Louise"
"YLW","Canada","British Columbia","Kelowna"
"YMJ","Canada","Saskatchewan","Moose Jaw"
"YOO","Canada","Ontario","Oshawa"
"YOS","United States of America","California","Mariposa"
"YOW","Canada","Ontario","Ottawa"
"YPA","Canada","Saskatchewan","Prince Albert"
"YQB","Canada","","Quebec"
"YQE","Canada","British Columbia","Kimberly"
"YQF","Canada","Alberta","Red Deer"
"YQG","Canada","Ontario","Windsor"
"YQR","Canada","Saskatchewan","Regina"
"YQV","Canada","Saskatchewan","Yorkton"
"YQW","Canada","Saskatchewan","North Battleford"
"YRV","Canada","British Columbia","Revelstoke"
"YSJ","Canada","New Brunswick","Saint. John"
"YUB","United States of America","California","Yuba City"
"YUL","Canada","","Montreal"
"YUM","United States of America","Arizona","Yuma"
"YVR","Canada","British Columbia","Vancouver"
"YWG","Canada","Manitoba","Winnipeg"
"YWS","Canada","British Columbia","Whistler"
"YXC","Canada","British Columbia","Fernie"
"YXE","Canada","Saskatchewan","Saskatoon"
"YXH","Canada","Alberta","Medicine Hat"
"YXK","Canada","Quebec","Rimouski"
"YXS","Canada","British Columbia","Prince George"
"YXY","Canada","Yukon","Whitehorse"
"YYC","Canada","Alberta","Calgary"
"YYE","Canada","British Columbia","Fort Nelson"
"YYF","Canada","British Columbia","Osoyoos"
"YYJ","Canada","British Columbia","Victoria"
"YYN","Canada","Saskatchewan","Swift Current"
"YYZ","Canada","Ontario","Toronto"
"ZHU","United States of America","New Jersey","Hasbrouck Heights"
"ZIH","Mexico","","Ixtapa"
"ZIO","United States of America","Utah","Zion"
"ZXR","United States of America","","Zion"
